Timestamp,Cycle,Cabinet,Unit_ID,Event_Type,Status,Value,Response_Time_ms,Temperature_C,Details
2026-02-16 13:48:00,0,SYSTEM,,PROGRAM_START,INFO,,,,Total Cabinets: 10
2026-02-16 13:48:00,1,SYSTEM,,CYCLE_START,INFO,,,,Testing 10 cabinets
2026-02-16 13:48:00,1,Cabinet 1,,CONNECTION_START,ATTEMPTING,,,,IP: 192.168.0.80:502
2026-02-16 13:48:00,1,Cabinet 1,,CONNECTION,SUCCESS,,,,Attempt 1/2
2026-02-16 13:48:02,1,Cabinet 1,11,WRITE_COILS,SUCCESS,"[True, True, True, True, True, True, True, True]",28.98,,
2026-02-16 13:48:02,1,Cabinet 1,12,WRITE_COILS,SUCCESS,"[True, True, True, True, True, True, True, True]",28.35,,
2026-02-16 13:48:02,1,Cabinet 1,13,WRITE_COILS,SUCCESS,"[True, True, True, True, True, True, True, True]",25.93,,
2026-02-16 13:48:02,1,Cabinet 1,14,WRITE_COILS,SUCCESS,"[True, True, True, True, True, True, True, True]",25.51,,
2026-02-16 13:48:02,1,Cabinet 1,15,WRITE_COILS,SUCCESS,"[True, True, True, True, True, True, True, True]",23.75,,
2026-02-16 13:48:02,1,Cabinet 1,16,WRITE_COILS,SUCCESS,"[True, True, True, True, True, True, True, True]",24.47,,
2026-02-16 13:48:02,1,Cabinet 1,17,WRITE_COILS,SUCCESS,"[True, True, True, True, True, True, True, True]",23.86,,
2026-02-16 13:48:02,1,Cabinet 1,18,WRITE_COILS,SUCCESS,"[True, True, True, True, True, True, True, True]",24.56,,
2026-02-16 13:48:05,1,Cabinet 1,21,WRITE_COILS,SUCCESS,"[True, True, True, True, True, True, True, True]",3042.93,,
2026-02-16 13:48:05,1,Cabinet 1,22,WRITE_COILS,SUCCESS,"[True, True, True, True, True, True, True, True]",24.20,,
2026-02-16 13:48:05,1,Cabinet 1,23,WRITE_COILS,SUCCESS,"[True, True, True, True, True, True, True, True]",26.65,,
2026-02-16 13:48:05,1,Cabinet 1,24,WRITE_COILS,SUCCESS,"[True, True, True, True, True, True, True, True]",25.04,,
2026-02-16 13:48:06,1,Cabinet 1,25,WRITE_COILS,SUCCESS,"[True, True, True, True, True, True, True, True]",26.92,,
2026-02-16 13:48:06,1,Cabinet 1,26,WRITE_COILS,SUCCESS,"[True, True, True, True, True, True, True, True]",24.93,,
2026-02-16 13:48:06,1,Cabinet 1,27,WRITE_COILS,SUCCESS,"[True, True, True, True, True, True, True, True]",25.22,,
2026-02-16 13:48:06,1,Cabinet 1,28,WRITE_COILS,SUCCESS,"[True, True, True, True, True, True, True, True]",24.95,,
2026-02-16 13:48:09,1,Cabinet 1,31,WRITE_COILS,SUCCESS,"[True, True, True, True, True, True, True, True]",3031.36,,
2026-02-16 13:48:09,1,Cabinet 1,32,WRITE_COILS,SUCCESS,"[True, True, True, True, True, True, True, True]",28.12,,
2026-02-16 13:48:09,1,Cabinet 1,33,WRITE_COILS,SUCCESS,"[True, True, True, True, True, True, True, True]",27.19,,
2026-02-16 13:48:09,1,Cabinet 1,34,WRITE_COILS,SUCCESS,"[True, True, True, True, True, True, True, True]",27.38,,
2026-02-16 13:48:09,1,Cabinet 1,35,WRITE_COILS,SUCCESS,"[True, True, True, True, True, True, True, True]",25.34,,
2026-02-16 13:48:09,1,Cabinet 1,36,WRITE_COILS,SUCCESS,"[True, True, True, True, True, True, True, True]",41.30,,
2026-02-16 13:48:09,1,Cabinet 1,37,WRITE_COILS,SUCCESS,"[True, True, True, True, True, True, True, True]",24.25,,
2026-02-16 13:48:09,1,Cabinet 1,38,WRITE_COILS,SUCCESS,"[True, True, True, True, True, True, True, True]",24.74,,
2026-02-16 13:48:13,1,Cabinet 1,41,WRITE_COILS,SUCCESS,"[True, True, True, True, True, True, True, True]",3031.84,,
2026-02-16 13:48:13,1,Cabinet 1,42,WRITE_COILS,SUCCESS,"[True, True, True, True, True, True, True, True]",24.37,,
2026-02-16 13:48:13,1,Cabinet 1,43,WRITE_COILS,SUCCESS,"[True, True, True, True, True, True, True, True]",24.05,,
2026-02-16 13:48:13,1,Cabinet 1,44,WRITE_COILS,SUCCESS,"[True, True, True, True, True, True, True, True]",29.00,,
2026-02-16 13:48:13,1,Cabinet 1,45,WRITE_COILS,SUCCESS,"[True, True, True, True, True, True, True, True]",29.29,,
2026-02-16 13:48:13,1,Cabinet 1,46,WRITE_COILS,SUCCESS,"[True, True, True, True, True, True, True, True]",25.59,,
2026-02-16 13:48:13,1,Cabinet 1,47,WRITE_COILS,SUCCESS,"[True, True, True, True, True, True, True, True]",25.25,,
2026-02-16 13:48:13,1,Cabinet 1,48,WRITE_COILS,SUCCESS,"[True, True, True, True, True, True, True, True]",28.85,,
2026-02-16 13:48:16,1,Cabinet 1,51,WRITE_COILS,SUCCESS,"[True, True, True, True, True, True, True, True]",3030.90,,
2026-02-16 13:48:16,1,Cabinet 1,52,WRITE_COILS,SUCCESS,"[True, True, True, True, True, True, True, True]",126.84,,
2026-02-16 13:48:16,1,Cabinet 1,53,WRITE_COILS,SUCCESS,"[True, True, True, True, True, True, True, True]",28.74,,
2026-02-16 13:48:17,1,Cabinet 1,54,WRITE_COILS,SUCCESS,"[True, True, True, True, True, True, True, True]",24.85,,
2026-02-16 13:48:17,1,Cabinet 1,55,WRITE_COILS,SUCCESS,"[True, True, True, True, True, True, True, True]",24.46,,
2026-02-16 13:48:17,1,Cabinet 1,56,WRITE_COILS,SUCCESS,"[True, True, True, True, True, True, True, True]",28.41,,
2026-02-16 13:48:17,1,Cabinet 1,57,WRITE_COILS,SUCCESS,"[True, True, True, True, True, True, True, True]",24.98,,
2026-02-16 13:48:17,1,Cabinet 1,58,WRITE_COILS,SUCCESS,"[True, True, True, True, True, True, True, True]",25.55,,
2026-02-16 13:48:20,1,Cabinet 1,61,WRITE_COILS,SUCCESS,"[True, True, True, True, True, True, True, True]",3037.72,,
2026-02-16 13:48:20,1,Cabinet 1,62,WRITE_COILS,SUCCESS,"[True, True, True, True, True, True, True, True]",24.31,,
2026-02-16 13:48:20,1,Cabinet 1,63,WRITE_COILS,SUCCESS,"[True, True, True, True, True, True, True, True]",26.83,,
2026-02-16 13:48:20,1,Cabinet 1,64,WRITE_COILS,SUCCESS,"[True, True, True, True, True, True, True, True]",24.79,,
2026-02-16 13:48:20,1,Cabinet 1,65,WRITE_COILS,SUCCESS,"[True, True, True, True, True, True, True, True]",24.36,,
2026-02-16 13:48:20,1,Cabinet 1,66,WRITE_COILS,SUCCESS,"[True, True, True, True, True, True, True, True]",24.86,,
2026-02-16 13:48:20,1,Cabinet 1,67,WRITE_COILS,SUCCESS,"[True, True, True, True, True, True, True, True]",24.01,,
2026-02-16 13:48:20,1,Cabinet 1,68,WRITE_COILS,SUCCESS,"[True, True, True, True, True, True, True, True]",23.93,,
2026-02-16 13:48:24,1,Cabinet 1,71,WRITE_COILS,SUCCESS,"[True, True, True, True, True, True, True, True]",3039.76,,
2026-02-16 13:48:24,1,Cabinet 1,72,WRITE_COILS,SUCCESS,"[True, True, True, True, True, True, True, True]",27.99,,
2026-02-16 13:48:24,1,Cabinet 1,73,WRITE_COILS,SUCCESS,"[True, True, True, True, True, True, True, True]",25.57,,
2026-02-16 13:48:24,1,Cabinet 1,74,WRITE_COILS,SUCCESS,"[True, True, True, True, True, True, True, True]",25.88,,
2026-02-16 13:48:24,1,Cabinet 1,75,WRITE_COILS,SUCCESS,"[True, True, True, True, True, True, True, True]",27.09,,
2026-02-16 13:48:24,1,Cabinet 1,76,WRITE_COILS,SUCCESS,"[True, True, True, True, True, True, True, True]",48.35,,
2026-02-16 13:48:24,1,Cabinet 1,77,WRITE_COILS,SUCCESS,"[True, True, True, True, True, True, True, True]",24.62,,
2026-02-16 13:48:24,1,Cabinet 1,78,WRITE_COILS,SUCCESS,"[True, True, True, True, True, True, True, True]",24.93,,
2026-02-16 13:48:27,1,Cabinet 1,81,WRITE_COILS,SUCCESS,"[True, True, True, True, True, True, True, True]",3030.33,,
2026-02-16 13:48:27,1,Cabinet 1,82,WRITE_COILS,SUCCESS,"[True, True, True, True, True, True, True, True]",28.42,,
2026-02-16 13:48:27,1,Cabinet 1,83,WRITE_COILS,SUCCESS,"[True, True, True, True, True, True, True, True]",25.01,,
2026-02-16 13:48:27,1,Cabinet 1,84,WRITE_COILS,SUCCESS,"[True, True, True, True, True, True, True, True]",25.93,,
2026-02-16 13:48:28,1,Cabinet 1,85,WRITE_COILS,SUCCESS,"[True, True, True, True, True, True, True, True]",23.71,,
2026-02-16 13:48:28,1,Cabinet 1,86,WRITE_COILS,SUCCESS,"[True, True, True, True, True, True, True, True]",28.96,,
2026-02-16 13:48:28,1,Cabinet 1,87,WRITE_COILS,SUCCESS,"[True, True, True, True, True, True, True, True]",25.50,,
2026-02-16 13:48:28,1,Cabinet 1,88,WRITE_COILS,SUCCESS,"[True, True, True, True, True, True, True, True]",27.42,,
2026-02-16 13:48:31,1,Cabinet 1,91,WRITE_COILS,SUCCESS,"[True, True, True, True, True, True, True, True]",3034.49,,
2026-02-16 13:48:31,1,Cabinet 1,92,WRITE_COILS,SUCCESS,"[True, True, True, True, True, True, True, True]",24.74,,
2026-02-16 13:48:31,1,Cabinet 1,93,WRITE_COILS,SUCCESS,"[True, True, True, True, True, True, True, True]",25.19,,
2026-02-16 13:48:31,1,Cabinet 1,94,WRITE_COILS,SUCCESS,"[True, True, True, True, True, True, True, True]",25.97,,
2026-02-16 13:48:31,1,Cabinet 1,95,WRITE_COILS,SUCCESS,"[True, True, True, True, True, True, True, True]",27.66,,
2026-02-16 13:48:31,1,Cabinet 1,96,WRITE_COILS,SUCCESS,"[True, True, True, True, True, True, True, True]",24.78,,
2026-02-16 13:48:31,1,Cabinet 1,97,WRITE_COILS,SUCCESS,"[True, True, True, True, True, True, True, True]",25.07,,
2026-02-16 13:48:31,1,Cabinet 1,98,WRITE_COILS,SUCCESS,"[True, True, True, True, True, True, True, True]",24.64,,
2026-02-16 13:48:34,1,Cabinet 1,101,WRITE_COILS,SUCCESS,"[True, True, True, True, True, True, True, True]",3033.05,,
2026-02-16 13:48:35,1,Cabinet 1,102,WRITE_COILS,SUCCESS,"[True, True, True, True, True, True, True, True]",26.00,,
2026-02-16 13:48:35,1,Cabinet 1,103,WRITE_COILS,SUCCESS,"[True, True, True, True, True, True, True, True]",25.90,,
2026-02-16 13:48:35,1,Cabinet 1,104,WRITE_COILS,SUCCESS,"[True, True, True, True, True, True, True, True]",25.62,,
2026-02-16 13:48:35,1,Cabinet 1,105,WRITE_COILS,SUCCESS,"[True, True, True, True, True, True, True, True]",25.78,,
2026-02-16 13:48:35,1,Cabinet 1,106,WRITE_COILS,SUCCESS,"[True, True, True, True, True, True, True, True]",25.20,,
2026-02-16 13:48:35,1,Cabinet 1,107,WRITE_COILS,SUCCESS,"[True, True, True, True, True, True, True, True]",26.37,,
2026-02-16 13:48:35,1,Cabinet 1,108,WRITE_COILS,SUCCESS,"[True, True, True, True, True, True, True, True]",25.84,,
2026-02-16 13:48:37,1,Cabinet 1,11,WRITE_COILS,SUCCESS,"[False, False, False, False, False, False, False, False]",29.21,,
2026-02-16 13:48:37,1,Cabinet 1,12,WRITE_COILS,SUCCESS,"[False, False, False, False, False, False, False, False]",28.83,,
2026-02-16 13:48:37,1,Cabinet 1,13,WRITE_COILS,SUCCESS,"[False, False, False, False, False, False, False, False]",25.09,,
2026-02-16 13:48:37,1,Cabinet 1,14,WRITE_COILS,SUCCESS,"[False, False, False, False, False, False, False, False]",25.17,,
2026-02-16 13:48:37,1,Cabinet 1,15,WRITE_COILS,SUCCESS,"[False, False, False, False, False, False, False, False]",25.27,,
2026-02-16 13:48:38,1,Cabinet 1,16,WRITE_COILS,SUCCESS,"[False, False, False, False, False, False, False, False]",28.18,,
2026-02-16 13:48:38,1,Cabinet 1,17,WRITE_COILS,SUCCESS,"[False, False, False, False, False, False, False, False]",98.24,,
2026-02-16 13:48:38,1,Cabinet 1,18,WRITE_COILS,SUCCESS,"[False, False, False, False, False, False, False, False]",27.39,,
2026-02-16 13:48:41,1,Cabinet 1,21,WRITE_COILS,SUCCESS,"[False, False, False, False, False, False, False, False]",3045.79,,
2026-02-16 13:48:41,1,Cabinet 1,22,WRITE_COILS,SUCCESS,"[False, False, False, False, False, False, False, False]",25.17,,
2026-02-16 13:48:41,1,Cabinet 1,23,WRITE_COILS,SUCCESS,"[False, False, False, False, False, False, False, False]",24.74,,
2026-02-16 13:48:41,1,Cabinet 1,24,WRITE_COILS,SUCCESS,"[False, False, False, False, False, False, False, False]",25.10,,
2026-02-16 13:48:41,1,Cabinet 1,25,WRITE_COILS,SUCCESS,"[False, False, False, False, False, False, False, False]",27.41,,
2026-02-16 13:48:41,1,Cabinet 1,26,WRITE_COILS,SUCCESS,"[False, False, False, False, False, False, False, False]",25.40,,
2026-02-16 13:48:41,1,Cabinet 1,27,WRITE_COILS,SUCCESS,"[False, False, False, False, False, False, False, False]",25.49,,
2026-02-16 13:48:41,1,Cabinet 1,28,WRITE_COILS,SUCCESS,"[False, False, False, False, False, False, False, False]",27.68,,
2026-02-16 13:48:44,1,Cabinet 1,31,WRITE_COILS,SUCCESS,"[False, False, False, False, False, False, False, False]",3034.14,,
2026-02-16 13:48:45,1,Cabinet 1,32,WRITE_COILS,SUCCESS,"[False, False, False, False, False, False, False, False]",40.97,,
2026-02-16 13:48:45,1,Cabinet 1,33,WRITE_COILS,SUCCESS,"[False, False, False, False, False, False, False, False]",25.25,,
2026-02-16 13:48:45,1,Cabinet 1,34,WRITE_COILS,SUCCESS,"[False, False, False, False, False, False, False, False]",24.87,,
2026-02-16 13:48:45,1,Cabinet 1,35,WRITE_COILS,SUCCESS,"[False, False, False, False, False, False, False, False]",25.84,,
2026-02-16 13:48:45,1,Cabinet 1,36,WRITE_COILS,SUCCESS,"[False, False, False, False, False, False, False, False]",24.53,,
2026-02-16 13:48:45,1,Cabinet 1,37,WRITE_COILS,SUCCESS,"[False, False, False, False, False, False, False, False]",110.49,,
2026-02-16 13:48:45,1,Cabinet 1,38,WRITE_COILS,SUCCESS,"[False, False, False, False, False, False, False, False]",28.68,,
2026-02-16 13:48:48,1,Cabinet 1,41,WRITE_COILS,SUCCESS,"[False, False, False, False, False, False, False, False]",3029.49,,
2026-02-16 13:48:48,1,Cabinet 1,42,WRITE_COILS,SUCCESS,"[False, False, False, False, False, False, False, False]",27.29,,
2026-02-16 13:48:48,1,Cabinet 1,43,WRITE_COILS,SUCCESS,"[False, False, False, False, False, False, False, False]",25.50,,
2026-02-16 13:48:48,1,Cabinet 1,44,WRITE_COILS,SUCCESS,"[False, False, False, False, False, False, False, False]",25.48,,
2026-02-16 13:48:49,1,Cabinet 1,45,WRITE_COILS,SUCCESS,"[False, False, False, False, False, False, False, False]",25.70,,
2026-02-16 13:48:49,1,Cabinet 1,46,WRITE_COILS,SUCCESS,"[False, False, False, False, False, False, False, False]",24.94,,
2026-02-16 13:48:49,1,Cabinet 1,47,WRITE_COILS,SUCCESS,"[False, False, False, False, False, False, False, False]",28.68,,
2026-02-16 13:48:49,1,Cabinet 1,48,WRITE_COILS,SUCCESS,"[False, False, False, False, False, False, False, False]",24.30,,
2026-02-16 13:48:52,1,Cabinet 1,51,WRITE_COILS,SUCCESS,"[False, False, False, False, False, False, False, False]",3042.30,,
2026-02-16 13:48:52,1,Cabinet 1,52,WRITE_COILS,SUCCESS,"[False, False, False, False, False, False, False, False]",93.20,,
2026-02-16 13:48:52,1,Cabinet 1,53,WRITE_COILS,SUCCESS,"[False, False, False, False, False, False, False, False]",29.10,,
2026-02-16 13:48:52,1,Cabinet 1,54,WRITE_COILS,SUCCESS,"[False, False, False, False, False, False, False, False]",27.57,,
2026-02-16 13:48:52,1,Cabinet 1,55,WRITE_COILS,SUCCESS,"[False, False, False, False, False, False, False, False]",25.29,,
2026-02-16 13:48:52,1,Cabinet 1,56,WRITE_COILS,SUCCESS,"[False, False, False, False, False, False, False, False]",24.79,,
2026-02-16 13:48:52,1,Cabinet 1,57,WRITE_COILS,SUCCESS,"[False, False, False, False, False, False, False, False]",24.62,,
2026-02-16 13:48:52,1,Cabinet 1,58,WRITE_COILS,SUCCESS,"[False, False, False, False, False, False, False, False]",23.93,,
2026-02-16 13:48:56,1,Cabinet 1,61,WRITE_COILS,SUCCESS,"[False, False, False, False, False, False, False, False]",3037.08,,
2026-02-16 13:48:56,1,Cabinet 1,62,WRITE_COILS,SUCCESS,"[False, False, False, False, False, False, False, False]",24.32,,
2026-02-16 13:48:56,1,Cabinet 1,63,WRITE_COILS,SUCCESS,"[False, False, False, False, False, False, False, False]",24.56,,
2026-02-16 13:48:56,1,Cabinet 1,64,WRITE_COILS,SUCCESS,"[False, False, False, False, False, False, False, False]",24.26,,
2026-02-16 13:48:56,1,Cabinet 1,65,WRITE_COILS,SUCCESS,"[False, False, False, False, False, False, False, False]",25.68,,
2026-02-16 13:48:56,1,Cabinet 1,66,WRITE_COILS,SUCCESS,"[False, False, False, False, False, False, False, False]",27.94,,
2026-02-16 13:48:56,1,Cabinet 1,67,WRITE_COILS,SUCCESS,"[False, False, False, False, False, False, False, False]",30.79,,
2026-02-16 13:48:56,1,Cabinet 1,68,WRITE_COILS,SUCCESS,"[False, False, False, False, False, False, False, False]",25.46,,
2026-02-16 13:48:59,1,Cabinet 1,71,WRITE_COILS,SUCCESS,"[False, False, False, False, False, False, False, False]",3040.00,,
2026-02-16 13:48:59,1,Cabinet 1,72,WRITE_COILS,SUCCESS,"[False, False, False, False, False, False, False, False]",24.38,,
2026-02-16 13:48:59,1,Cabinet 1,73,WRITE_COILS,SUCCESS,"[False, False, False, False, False, False, False, False]",24.12,,
2026-02-16 13:48:59,1,Cabinet 1,74,WRITE_COILS,SUCCESS,"[False, False, False, False, False, False, False, False]",28.08,,
2026-02-16 13:49:00,1,Cabinet 1,75,WRITE_COILS,SUCCESS,"[False, False, False, False, False, False, False, False]",27.67,,
2026-02-16 13:49:00,1,Cabinet 1,76,WRITE_COILS,SUCCESS,"[False, False, False, False, False, False, False, False]",24.62,,
2026-02-16 13:49:00,1,Cabinet 1,77,WRITE_COILS,SUCCESS,"[False, False, False, False, False, False, False, False]",25.11,,
2026-02-16 13:49:00,1,Cabinet 1,78,WRITE_COILS,SUCCESS,"[False, False, False, False, False, False, False, False]",28.64,,
2026-02-16 13:49:03,1,Cabinet 1,81,WRITE_COILS,SUCCESS,"[False, False, False, False, False, False, False, False]",3033.96,,
2026-02-16 13:49:03,1,Cabinet 1,82,WRITE_COILS,SUCCESS,"[False, False, False, False, False, False, False, False]",24.84,,
2026-02-16 13:49:03,1,Cabinet 1,83,WRITE_COILS,SUCCESS,"[False, False, False, False, False, False, False, False]",25.18,,
2026-02-16 13:49:03,1,Cabinet 1,84,WRITE_COILS,SUCCESS,"[False, False, False, False, False, False, False, False]",24.54,,
2026-02-16 13:49:03,1,Cabinet 1,85,WRITE_COILS,SUCCESS,"[False, False, False, False, False, False, False, False]",24.78,,
2026-02-16 13:49:03,1,Cabinet 1,86,WRITE_COILS,SUCCESS,"[False, False, False, False, False, False, False, False]",24.50,,
2026-02-16 13:49:03,1,Cabinet 1,87,WRITE_COILS,SUCCESS,"[False, False, False, False, False, False, False, False]",24.13,,
2026-02-16 13:49:03,1,Cabinet 1,88,WRITE_COILS,SUCCESS,"[False, False, False, False, False, False, False, False]",26.20,,
2026-02-16 13:49:06,1,Cabinet 1,91,WRITE_COILS,SUCCESS,"[False, False, False, False, False, False, False, False]",3032.12,,
2026-02-16 13:49:07,1,Cabinet 1,92,WRITE_COILS,SUCCESS,"[False, False, False, False, False, False, False, False]",25.36,,
2026-02-16 13:49:07,1,Cabinet 1,93,WRITE_COILS,SUCCESS,"[False, False, False, False, False, False, False, False]",24.77,,
2026-02-16 13:49:07,1,Cabinet 1,94,WRITE_COILS,SUCCESS,"[False, False, False, False, False, False, False, False]",25.58,,
2026-02-16 13:49:07,1,Cabinet 1,95,WRITE_COILS,SUCCESS,"[False, False, False, False, False, False, False, False]",25.58,,
2026-02-16 13:49:07,1,Cabinet 1,96,WRITE_COILS,SUCCESS,"[False, False, False, False, False, False, False, False]",27.68,,
2026-02-16 13:49:07,1,Cabinet 1,97,WRITE_COILS,SUCCESS,"[False, False, False, False, False, False, False, False]",25.63,,
2026-02-16 13:49:07,1,Cabinet 1,98,WRITE_COILS,SUCCESS,"[False, False, False, False, False, False, False, False]",24.66,,
2026-02-16 13:49:10,1,Cabinet 1,101,WRITE_COILS,SUCCESS,"[False, False, False, False, False, False, False, False]",3056.43,,
2026-02-16 13:49:10,1,Cabinet 1,102,WRITE_COILS,SUCCESS,"[False, False, False, False, False, False, False, False]",24.22,,
2026-02-16 13:49:10,1,Cabinet 1,103,WRITE_COILS,SUCCESS,"[False, False, False, False, False, False, False, False]",44.79,,
2026-02-16 13:49:10,1,Cabinet 1,104,WRITE_COILS,SUCCESS,"[False, False, False, False, False, False, False, False]",31.80,,
2026-02-16 13:49:10,1,Cabinet 1,105,WRITE_COILS,SUCCESS,"[False, False, False, False, False, False, False, False]",25.10,,
2026-02-16 13:49:11,1,Cabinet 1,106,WRITE_COILS,SUCCESS,"[False, False, False, False, False, False, False, False]",24.47,,
2026-02-16 13:49:11,1,Cabinet 1,107,WRITE_COILS,SUCCESS,"[False, False, False, False, False, False, False, False]",24.97,,
2026-02-16 13:49:11,1,Cabinet 1,108,WRITE_COILS,SUCCESS,"[False, False, False, False, False, False, False, False]",92.74,,
2026-02-16 13:49:11,1,Cabinet 1,,CONNECTION,CLOSED,,,,
2026-02-16 13:49:11,1,Cabinet 2,,CONNECTION_START,ATTEMPTING,,,,IP: 192.168.0.221:502
2026-02-16 13:49:11,1,Cabinet 2,,CONNECTION,SUCCESS,,,,Attempt 1/2
2026-02-16 13:49:13,1,Cabinet 2,11,WRITE_COILS,SUCCESS,"[True, True, True, True, True, True, True, True]",28.35,,
2026-02-16 13:49:13,1,Cabinet 2,12,WRITE_COILS,SUCCESS,"[True, True, True, True, True, True, True, True]",28.92,,
2026-02-16 13:49:14,1,Cabinet 2,13,WRITE_COILS,SUCCESS,"[True, True, True, True, True, True, True, True]",28.64,,
2026-02-16 13:49:14,1,Cabinet 2,14,WRITE_COILS,SUCCESS,"[True, True, True, True, True, True, True, True]",25.23,,
2026-02-16 13:49:14,1,Cabinet 2,15,WRITE_COILS,SUCCESS,"[True, True, True, True, True, True, True, True]",24.65,,
2026-02-16 13:49:14,1,Cabinet 2,16,WRITE_COILS,SUCCESS,"[True, True, True, True, True, True, True, True]",32.49,,
2026-02-16 13:49:14,1,Cabinet 2,17,WRITE_COILS,SUCCESS,"[True, True, True, True, True, True, True, True]",24.25,,
2026-02-16 13:49:14,1,Cabinet 2,18,WRITE_COILS,SUCCESS,"[True, True, True, True, True, True, True, True]",28.63,,
2026-02-16 13:49:17,1,Cabinet 2,21,WRITE_COILS,SUCCESS,"[True, True, True, True, True, True, True, True]",3039.92,,
2026-02-16 13:49:17,1,Cabinet 2,22,WRITE_COILS,SUCCESS,"[True, True, True, True, True, True, True, True]",27.17,,
2026-02-16 13:49:17,1,Cabinet 2,23,WRITE_COILS,SUCCESS,"[True, True, True, True, True, True, True, True]",24.54,,
2026-02-16 13:49:17,1,Cabinet 2,24,WRITE_COILS,SUCCESS,"[True, True, True, True, True, True, True, True]",26.85,,
2026-02-16 13:49:17,1,Cabinet 2,25,WRITE_COILS,SUCCESS,"[True, True, True, True, True, True, True, True]",44.27,,
2026-02-16 13:49:17,1,Cabinet 2,26,WRITE_COILS,SUCCESS,"[True, True, True, True, True, True, True, True]",28.49,,
2026-02-16 13:49:17,1,Cabinet 2,27,WRITE_COILS,SUCCESS,"[True, True, True, True, True, True, True, True]",24.56,,
2026-02-16 13:49:18,1,Cabinet 2,28,WRITE_COILS,SUCCESS,"[True, True, True, True, True, True, True, True]",27.41,,
2026-02-16 13:49:21,1,Cabinet 2,31,WRITE_COILS,SUCCESS,"[True, True, True, True, True, True, True, True]",3034.99,,
2026-02-16 13:49:21,1,Cabinet 2,32,WRITE_COILS,SUCCESS,"[True, True, True, True, True, True, True, True]",24.38,,
2026-02-16 13:49:21,1,Cabinet 2,33,WRITE_COILS,SUCCESS,"[True, True, True, True, True, True, True, True]",25.03,,
2026-02-16 13:49:21,1,Cabinet 2,34,WRITE_COILS,SUCCESS,"[True, True, True, True, True, True, True, True]",24.34,,
2026-02-16 13:49:21,1,Cabinet 2,35,WRITE_COILS,SUCCESS,"[True, True, True, True, True, True, True, True]",24.33,,
2026-02-16 13:49:21,1,Cabinet 2,36,WRITE_COILS,SUCCESS,"[True, True, True, True, True, True, True, True]",24.31,,
2026-02-16 13:49:21,1,Cabinet 2,37,WRITE_COILS,SUCCESS,"[True, True, True, True, True, True, True, True]",24.28,,
2026-02-16 13:49:21,1,Cabinet 2,38,WRITE_COILS,SUCCESS,"[True, True, True, True, True, True, True, True]",24.09,,
2026-02-16 13:49:24,1,Cabinet 2,41,WRITE_COILS,SUCCESS,"[True, True, True, True, True, True, True, True]",3032.15,,
2026-02-16 13:49:24,1,Cabinet 2,42,WRITE_COILS,SUCCESS,"[True, True, True, True, True, True, True, True]",28.52,,
2026-02-16 13:49:24,1,Cabinet 2,43,WRITE_COILS,SUCCESS,"[True, True, True, True, True, True, True, True]",24.86,,
2026-02-16 13:49:25,1,Cabinet 2,44,WRITE_COILS,SUCCESS,"[True, True, True, True, True, True, True, True]",24.57,,
2026-02-16 13:49:25,1,Cabinet 2,45,WRITE_COILS,SUCCESS,"[True, True, True, True, True, True, True, True]",24.09,,
2026-02-16 13:49:25,1,Cabinet 2,46,WRITE_COILS,SUCCESS,"[True, True, True, True, True, True, True, True]",27.74,,
2026-02-16 13:49:25,1,Cabinet 2,47,WRITE_COILS,SUCCESS,"[True, True, True, True, True, True, True, True]",24.63,,
2026-02-16 13:49:25,1,Cabinet 2,48,WRITE_COILS,SUCCESS,"[True, True, True, True, True, True, True, True]",25.36,,
2026-02-16 13:49:28,1,Cabinet 2,51,WRITE_COILS,SUCCESS,"[True, True, True, True, True, True, True, True]",3037.11,,
2026-02-16 13:49:28,1,Cabinet 2,52,WRITE_COILS,SUCCESS,"[True, True, True, True, True, True, True, True]",26.03,,
2026-02-16 13:49:28,1,Cabinet 2,53,WRITE_COILS,SUCCESS,"[True, True, True, True, True, True, True, True]",26.16,,
2026-02-16 13:49:28,1,Cabinet 2,54,WRITE_COILS,SUCCESS,"[True, True, True, True, True, True, True, True]",25.24,,
2026-02-16 13:49:28,1,Cabinet 2,55,WRITE_COILS,SUCCESS,"[True, True, True, True, True, True, True, True]",24.54,,
2026-02-16 13:49:28,1,Cabinet 2,56,WRITE_COILS,SUCCESS,"[True, True, True, True, True, True, True, True]",26.79,,
2026-02-16 13:49:28,1,Cabinet 2,57,WRITE_COILS,SUCCESS,"[True, True, True, True, True, True, True, True]",25.12,,
2026-02-16 13:49:28,1,Cabinet 2,58,WRITE_COILS,SUCCESS,"[True, True, True, True, True, True, True, True]",26.43,,
2026-02-16 13:49:32,1,Cabinet 2,61,WRITE_COILS,SUCCESS,"[True, True, True, True, True, True, True, True]",3027.60,,
2026-02-16 13:49:32,1,Cabinet 2,62,WRITE_COILS,SUCCESS,"[True, True, True, True, True, True, True, True]",25.00,,
2026-02-16 13:49:32,1,Cabinet 2,63,WRITE_COILS,SUCCESS,"[True, True, True, True, True, True, True, True]",26.01,,
2026-02-16 13:49:32,1,Cabinet 2,64,WRITE_COILS,SUCCESS,"[True, True, True, True, True, True, True, True]",28.68,,
2026-02-16 13:49:32,1,Cabinet 2,65,WRITE_COILS,SUCCESS,"[True, True, True, True, True, True, True, True]",29.18,,
2026-02-16 13:49:32,1,Cabinet 2,66,WRITE_COILS,SUCCESS,"[True, True, True, True, True, True, True, True]",28.57,,
2026-02-16 13:49:32,1,Cabinet 2,67,WRITE_COILS,SUCCESS,"[True, True, True, True, True, True, True, True]",25.62,,
2026-02-16 13:49:32,1,Cabinet 2,68,WRITE_COILS,SUCCESS,"[True, True, True, True, True, True, True, True]",24.68,,
2026-02-16 13:49:35,1,Cabinet 2,71,WRITE_COILS,SUCCESS,"[True, True, True, True, True, True, True, True]",3031.23,,
2026-02-16 13:49:35,1,Cabinet 2,72,WRITE_COILS,SUCCESS,"[True, True, True, True, True, True, True, True]",25.19,,
2026-02-16 13:49:35,1,Cabinet 2,73,WRITE_COILS,SUCCESS,"[True, True, True, True, True, True, True, True]",25.97,,
2026-02-16 13:49:35,1,Cabinet 2,74,WRITE_COILS,SUCCESS,"[True, True, True, True, True, True, True, True]",29.10,,
2026-02-16 13:49:35,1,Cabinet 2,75,WRITE_COILS,SUCCESS,"[True, True, True, True, True, True, True, True]",25.81,,
2026-02-16 13:49:36,1,Cabinet 2,76,WRITE_COILS,SUCCESS,"[True, True, True, True, True, True, True, True]",24.77,,
2026-02-16 13:49:36,1,Cabinet 2,77,WRITE_COILS,SUCCESS,"[True, True, True, True, True, True, True, True]",25.21,,
2026-02-16 13:49:36,1,Cabinet 2,78,WRITE_COILS,SUCCESS,"[True, True, True, True, True, True, True, True]",24.95,,
2026-02-16 13:49:39,1,Cabinet 2,81,WRITE_COILS,SUCCESS,"[True, True, True, True, True, True, True, True]",3125.82,,
2026-02-16 13:49:39,1,Cabinet 2,82,WRITE_COILS,SUCCESS,"[True, True, True, True, True, True, True, True]",25.99,,
2026-02-16 13:49:39,1,Cabinet 2,83,WRITE_COILS,SUCCESS,"[True, True, True, True, True, True, True, True]",25.95,,
2026-02-16 13:49:39,1,Cabinet 2,84,WRITE_COILS,SUCCESS,"[True, True, True, True, True, True, True, True]",24.35,,
2026-02-16 13:49:39,1,Cabinet 2,85,WRITE_COILS,SUCCESS,"[True, True, True, True, True, True, True, True]",25.14,,
2026-02-16 13:49:39,1,Cabinet 2,86,WRITE_COILS,SUCCESS,"[True, True, True, True, True, True, True, True]",24.77,,
2026-02-16 13:49:39,1,Cabinet 2,87,WRITE_COILS,SUCCESS,"[True, True, True, True, True, True, True, True]",25.19,,
2026-02-16 13:49:39,1,Cabinet 2,88,WRITE_COILS,SUCCESS,"[True, True, True, True, True, True, True, True]",25.68,,
2026-02-16 13:49:43,1,Cabinet 2,91,WRITE_COILS,SUCCESS,"[True, True, True, True, True, True, True, True]",3038.81,,
2026-02-16 13:49:43,1,Cabinet 2,92,WRITE_COILS,SUCCESS,"[True, True, True, True, True, True, True, True]",36.67,,
2026-02-16 13:49:43,1,Cabinet 2,93,WRITE_COILS,SUCCESS,"[True, True, True, True, True, True, True, True]",25.60,,
2026-02-16 13:49:43,1,Cabinet 2,94,WRITE_COILS,SUCCESS,"[True, True, True, True, True, True, True, True]",26.36,,
2026-02-16 13:49:43,1,Cabinet 2,95,WRITE_COILS,SUCCESS,"[True, True, True, True, True, True, True, True]",24.56,,
2026-02-16 13:49:43,1,Cabinet 2,96,WRITE_COILS,SUCCESS,"[True, True, True, True, True, True, True, True]",24.61,,
2026-02-16 13:49:43,1,Cabinet 2,97,WRITE_COILS,SUCCESS,"[True, True, True, True, True, True, True, True]",25.02,,
2026-02-16 13:49:43,1,Cabinet 2,98,WRITE_COILS,SUCCESS,"[True, True, True, True, True, True, True, True]",28.98,,
2026-02-16 13:49:46,1,Cabinet 2,101,WRITE_COILS,SUCCESS,"[True, True, True, True, True, True, True, True]",3034.96,,
2026-02-16 13:49:46,1,Cabinet 2,102,WRITE_COILS,SUCCESS,"[True, True, True, True, True, True, True, True]",25.23,,
2026-02-16 13:49:46,1,Cabinet 2,103,WRITE_COILS,SUCCESS,"[True, True, True, True, True, True, True, True]",24.87,,
2026-02-16 13:49:46,1,Cabinet 2,104,WRITE_COILS,SUCCESS,"[True, True, True, True, True, True, True, True]",24.62,,
2026-02-16 13:49:47,1,Cabinet 2,105,WRITE_COILS,SUCCESS,"[True, True, True, True, True, True, True, True]",25.13,,
2026-02-16 13:49:47,1,Cabinet 2,106,WRITE_COILS,SUCCESS,"[True, True, True, True, True, True, True, True]",24.53,,
2026-02-16 13:49:47,1,Cabinet 2,107,WRITE_COILS,SUCCESS,"[True, True, True, True, True, True, True, True]",49.20,,
2026-02-16 13:49:47,1,Cabinet 2,108,WRITE_COILS,SUCCESS,"[True, True, True, True, True, True, True, True]",24.87,,
2026-02-16 13:49:49,1,Cabinet 2,11,WRITE_COILS,SUCCESS,"[False, False, False, False, False, False, False, False]",24.70,,
2026-02-16 13:49:49,1,Cabinet 2,12,WRITE_COILS,SUCCESS,"[False, False, False, False, False, False, False, False]",24.34,,
2026-02-16 13:49:49,1,Cabinet 2,13,WRITE_COILS,SUCCESS,"[False, False, False, False, False, False, False, False]",25.61,,
2026-02-16 13:49:49,1,Cabinet 2,14,WRITE_COILS,SUCCESS,"[False, False, False, False, False, False, False, False]",23.67,,
2026-02-16 13:49:49,1,Cabinet 2,15,WRITE_COILS,SUCCESS,"[False, False, False, False, False, False, False, False]",25.08,,
2026-02-16 13:49:49,1,Cabinet 2,16,WRITE_COILS,SUCCESS,"[False, False, False, False, False, False, False, False]",24.76,,
2026-02-16 13:49:49,1,Cabinet 2,17,WRITE_COILS,SUCCESS,"[False, False, False, False, False, False, False, False]",25.06,,
2026-02-16 13:49:49,1,Cabinet 2,18,WRITE_COILS,SUCCESS,"[False, False, False, False, False, False, False, False]",24.88,,
2026-02-16 13:49:52,1,Cabinet 2,21,WRITE_COILS,SUCCESS,"[False, False, False, False, False, False, False, False]",3040.98,,
2026-02-16 13:49:53,1,Cabinet 2,22,WRITE_COILS,SUCCESS,"[False, False, False, False, False, False, False, False]",25.16,,
2026-02-16 13:49:53,1,Cabinet 2,23,WRITE_COILS,SUCCESS,"[False, False, False, False, False, False, False, False]",25.32,,
2026-02-16 13:49:53,1,Cabinet 2,24,WRITE_COILS,SUCCESS,"[False, False, False, False, False, False, False, False]",28.75,,
2026-02-16 13:49:53,1,Cabinet 2,25,WRITE_COILS,SUCCESS,"[False, False, False, False, False, False, False, False]",25.72,,
2026-02-16 13:49:53,1,Cabinet 2,26,WRITE_COILS,SUCCESS,"[False, False, False, False, False, False, False, False]",25.00,,
2026-02-16 13:49:53,1,Cabinet 2,27,WRITE_COILS,SUCCESS,"[False, False, False, False, False, False, False, False]",28.45,,
2026-02-16 13:49:53,1,Cabinet 2,28,WRITE_COILS,SUCCESS,"[False, False, False, False, False, False, False, False]",24.47,,
2026-02-16 13:49:56,1,Cabinet 2,31,WRITE_COILS,SUCCESS,"[False, False, False, False, False, False, False, False]",3031.69,,
2026-02-16 13:49:56,1,Cabinet 2,32,WRITE_COILS,SUCCESS,"[False, False, False, False, False, False, False, False]",24.80,,
2026-02-16 13:49:56,1,Cabinet 2,33,WRITE_COILS,SUCCESS,"[False, False, False, False, False, False, False, False]",24.99,,
2026-02-16 13:49:56,1,Cabinet 2,34,WRITE_COILS,SUCCESS,"[False, False, False, False, False, False, False, False]",24.29,,
2026-02-16 13:49:56,1,Cabinet 2,35,WRITE_COILS,SUCCESS,"[False, False, False, False, False, False, False, False]",25.03,,
2026-02-16 13:49:56,1,Cabinet 2,36,WRITE_COILS,SUCCESS,"[False, False, False, False, False, False, False, False]",24.09,,
2026-02-16 13:49:57,1,Cabinet 2,37,WRITE_COILS,SUCCESS,"[False, False, False, False, False, False, False, False]",24.41,,
2026-02-16 13:49:57,1,Cabinet 2,38,WRITE_COILS,SUCCESS,"[False, False, False, False, False, False, False, False]",24.70,,
2026-02-16 13:50:00,1,Cabinet 2,41,WRITE_COILS,SUCCESS,"[False, False, False, False, False, False, False, False]",3031.68,,
2026-02-16 13:50:00,1,Cabinet 2,42,WRITE_COILS,SUCCESS,"[False, False, False, False, False, False, False, False]",25.45,,
2026-02-16 13:50:00,1,Cabinet 2,43,WRITE_COILS,SUCCESS,"[False, False, False, False, False, False, False, False]",25.68,,
2026-02-16 13:50:00,1,Cabinet 2,44,WRITE_COILS,SUCCESS,"[False, False, False, False, False, False, False, False]",24.17,,
2026-02-16 13:50:00,1,Cabinet 2,45,WRITE_COILS,SUCCESS,"[False, False, False, False, False, False, False, False]",25.29,,
2026-02-16 13:50:00,1,Cabinet 2,46,WRITE_COILS,SUCCESS,"[False, False, False, False, False, False, False, False]",25.44,,
2026-02-16 13:50:00,1,Cabinet 2,47,WRITE_COILS,SUCCESS,"[False, False, False, False, False, False, False, False]",24.34,,
2026-02-16 13:50:00,1,Cabinet 2,48,WRITE_COILS,SUCCESS,"[False, False, False, False, False, False, False, False]",24.85,,
2026-02-16 13:50:03,1,Cabinet 2,51,WRITE_COILS,SUCCESS,"[False, False, False, False, False, False, False, False]",3031.80,,
2026-02-16 13:50:03,1,Cabinet 2,52,WRITE_COILS,SUCCESS,"[False, False, False, False, False, False, False, False]",24.78,,
2026-02-16 13:50:04,1,Cabinet 2,53,WRITE_COILS,SUCCESS,"[False, False, False, False, False, False, False, False]",25.72,,
2026-02-16 13:50:04,1,Cabinet 2,54,WRITE_COILS,SUCCESS,"[False, False, False, False, False, False, False, False]",25.20,,
2026-02-16 13:50:04,1,Cabinet 2,55,WRITE_COILS,SUCCESS,"[False, False, False, False, False, False, False, False]",24.42,,
2026-02-16 13:50:04,1,Cabinet 2,56,WRITE_COILS,SUCCESS,"[False, False, False, False, False, False, False, False]",25.30,,
2026-02-16 13:50:04,1,Cabinet 2,57,WRITE_COILS,SUCCESS,"[False, False, False, False, False, False, False, False]",24.77,,
2026-02-16 13:50:04,1,Cabinet 2,58,WRITE_COILS,SUCCESS,"[False, False, False, False, False, False, False, False]",24.79,,
2026-02-16 13:50:07,1,Cabinet 2,61,WRITE_COILS,SUCCESS,"[False, False, False, False, False, False, False, False]",3040.70,,
2026-02-16 13:50:07,1,Cabinet 2,62,WRITE_COILS,SUCCESS,"[False, False, False, False, False, False, False, False]",24.56,,
2026-02-16 13:50:07,1,Cabinet 2,63,WRITE_COILS,SUCCESS,"[False, False, False, False, False, False, False, False]",27.19,,
2026-02-16 13:50:07,1,Cabinet 2,64,WRITE_COILS,SUCCESS,"[False, False, False, False, False, False, False, False]",24.45,,
2026-02-16 13:50:07,1,Cabinet 2,65,WRITE_COILS,SUCCESS,"[False, False, False, False, False, False, False, False]",25.50,,
2026-02-16 13:50:07,1,Cabinet 2,66,WRITE_COILS,SUCCESS,"[False, False, False, False, False, False, False, False]",25.26,,
2026-02-16 13:50:07,1,Cabinet 2,67,WRITE_COILS,SUCCESS,"[False, False, False, False, False, False, False, False]",24.74,,
2026-02-16 13:50:08,1,Cabinet 2,68,WRITE_COILS,SUCCESS,"[False, False, False, False, False, False, False, False]",25.01,,
2026-02-16 13:50:11,1,Cabinet 2,71,WRITE_COILS,SUCCESS,"[False, False, False, False, False, False, False, False]",3028.23,,
2026-02-16 13:50:11,1,Cabinet 2,72,WRITE_COILS,SUCCESS,"[False, False, False, False, False, False, False, False]",25.40,,
2026-02-16 13:50:11,1,Cabinet 2,73,WRITE_COILS,SUCCESS,"[False, False, False, False, False, False, False, False]",25.03,,
2026-02-16 13:50:11,1,Cabinet 2,74,WRITE_COILS,SUCCESS,"[False, False, False, False, False, False, False, False]",25.25,,
2026-02-16 13:50:11,1,Cabinet 2,75,WRITE_COILS,SUCCESS,"[False, False, False, False, False, False, False, False]",24.67,,
2026-02-16 13:50:11,1,Cabinet 2,76,WRITE_COILS,SUCCESS,"[False, False, False, False, False, False, False, False]",25.45,,
2026-02-16 13:50:11,1,Cabinet 2,77,WRITE_COILS,SUCCESS,"[False, False, False, False, False, False, False, False]",27.20,,
2026-02-16 13:50:11,1,Cabinet 2,78,WRITE_COILS,SUCCESS,"[False, False, False, False, False, False, False, False]",25.52,,
2026-02-16 13:50:14,1,Cabinet 2,81,WRITE_COILS,SUCCESS,"[False, False, False, False, False, False, False, False]",3033.22,,
2026-02-16 13:50:14,1,Cabinet 2,82,WRITE_COILS,SUCCESS,"[False, False, False, False, False, False, False, False]",24.97,,
2026-02-16 13:50:14,1,Cabinet 2,83,WRITE_COILS,SUCCESS,"[False, False, False, False, False, False, False, False]",24.85,,
2026-02-16 13:50:14,1,Cabinet 2,84,WRITE_COILS,SUCCESS,"[False, False, False, False, False, False, False, False]",25.48,,
2026-02-16 13:50:15,1,Cabinet 2,85,WRITE_COILS,SUCCESS,"[False, False, False, False, False, False, False, False]",24.03,,
2026-02-16 13:50:15,1,Cabinet 2,86,WRITE_COILS,SUCCESS,"[False, False, False, False, False, False, False, False]",24.24,,
2026-02-16 13:50:15,1,Cabinet 2,87,WRITE_COILS,SUCCESS,"[False, False, False, False, False, False, False, False]",24.87,,
2026-02-16 13:50:15,1,Cabinet 2,88,WRITE_COILS,SUCCESS,"[False, False, False, False, False, False, False, False]",24.18,,
2026-02-16 13:50:18,1,Cabinet 2,91,WRITE_COILS,SUCCESS,"[False, False, False, False, False, False, False, False]",3035.49,,
2026-02-16 13:50:18,1,Cabinet 2,92,WRITE_COILS,SUCCESS,"[False, False, False, False, False, False, False, False]",25.33,,
2026-02-16 13:50:18,1,Cabinet 2,93,WRITE_COILS,SUCCESS,"[False, False, False, False, False, False, False, False]",25.20,,
2026-02-16 13:50:18,1,Cabinet 2,94,WRITE_COILS,SUCCESS,"[False, False, False, False, False, False, False, False]",29.47,,
2026-02-16 13:50:18,1,Cabinet 2,95,WRITE_COILS,SUCCESS,"[False, False, False, False, False, False, False, False]",24.12,,
2026-02-16 13:50:18,1,Cabinet 2,96,WRITE_COILS,SUCCESS,"[False, False, False, False, False, False, False, False]",24.47,,
2026-02-16 13:50:18,1,Cabinet 2,97,WRITE_COILS,SUCCESS,"[False, False, False, False, False, False, False, False]",24.64,,
2026-02-16 13:50:18,1,Cabinet 2,98,WRITE_COILS,SUCCESS,"[False, False, False, False, False, False, False, False]",25.75,,
2026-02-16 13:50:22,1,Cabinet 2,101,WRITE_COILS,SUCCESS,"[False, False, False, False, False, False, False, False]",3026.37,,
2026-02-16 13:50:22,1,Cabinet 2,102,WRITE_COILS,SUCCESS,"[False, False, False, False, False, False, False, False]",24.75,,
2026-02-16 13:50:22,1,Cabinet 2,103,WRITE_COILS,SUCCESS,"[False, False, False, False, False, False, False, False]",24.28,,
2026-02-16 13:50:22,1,Cabinet 2,104,WRITE_COILS,SUCCESS,"[False, False, False, False, False, False, False, False]",24.21,,
2026-02-16 13:50:22,1,Cabinet 2,105,WRITE_COILS,SUCCESS,"[False, False, False, False, False, False, False, False]",24.45,,
2026-02-16 13:50:22,1,Cabinet 2,106,WRITE_COILS,SUCCESS,"[False, False, False, False, False, False, False, False]",23.60,,
2026-02-16 13:50:22,1,Cabinet 2,107,WRITE_COILS,SUCCESS,"[False, False, False, False, False, False, False, False]",23.74,,
2026-02-16 13:50:22,1,Cabinet 2,108,WRITE_COILS,SUCCESS,"[False, False, False, False, False, False, False, False]",23.95,,
2026-02-16 13:50:22,1,Cabinet 2,,CONNECTION,CLOSED,,,,
2026-02-16 13:50:23,1,Cabinet 3,,CONNECTION_START,ATTEMPTING,,,,IP: 192.168.0.76:502
2026-02-16 13:50:23,1,Cabinet 3,,CONNECTION,SUCCESS,,,,Attempt 1/2
2026-02-16 13:50:25,1,Cabinet 3,11,WRITE_COILS,SUCCESS,"[True, True, True, True, True, True, True, True]",25.59,,
2026-02-16 13:50:25,1,Cabinet 3,12,WRITE_COILS,SUCCESS,"[True, True, True, True, True, True, True, True]",25.42,,
2026-02-16 13:50:25,1,Cabinet 3,13,WRITE_COILS,SUCCESS,"[True, True, True, True, True, True, True, True]",23.78,,
2026-02-16 13:50:25,1,Cabinet 3,14,WRITE_COILS,SUCCESS,"[True, True, True, True, True, True, True, True]",27.16,,
2026-02-16 13:50:25,1,Cabinet 3,15,WRITE_COILS,SUCCESS,"[True, True, True, True, True, True, True, True]",24.76,,
2026-02-16 13:50:25,1,Cabinet 3,16,WRITE_COILS,SUCCESS,"[True, True, True, True, True, True, True, True]",24.54,,
2026-02-16 13:50:25,1,Cabinet 3,17,WRITE_COILS,SUCCESS,"[True, True, True, True, True, True, True, True]",24.64,,
2026-02-16 13:50:25,1,Cabinet 3,18,WRITE_COILS,SUCCESS,"[True, True, True, True, True, True, True, True]",28.09,,
2026-02-16 13:50:28,1,Cabinet 3,21,WRITE_COILS,SUCCESS,"[True, True, True, True, True, True, True, True]",3035.75,,
2026-02-16 13:50:28,1,Cabinet 3,22,WRITE_COILS,SUCCESS,"[True, True, True, True, True, True, True, True]",24.56,,
2026-02-16 13:50:28,1,Cabinet 3,23,WRITE_COILS,SUCCESS,"[True, True, True, True, True, True, True, True]",24.92,,
2026-02-16 13:50:29,1,Cabinet 3,24,WRITE_COILS,SUCCESS,"[True, True, True, True, True, True, True, True]",26.29,,
2026-02-16 13:50:29,1,Cabinet 3,25,WRITE_COILS,SUCCESS,"[True, True, True, True, True, True, True, True]",32.41,,
2026-02-16 13:50:29,1,Cabinet 3,26,WRITE_COILS,SUCCESS,"[True, True, True, True, True, True, True, True]",27.39,,
2026-02-16 13:50:29,1,Cabinet 3,27,WRITE_COILS,SUCCESS,"[True, True, True, True, True, True, True, True]",26.33,,
2026-02-16 13:50:29,1,Cabinet 3,28,WRITE_COILS,SUCCESS,"[True, True, True, True, True, True, True, True]",25.19,,
2026-02-16 13:50:29,1,Cabinet 3,31,WRITE_COILS,SUCCESS,"[True, True, True, True, True, True, True, True]",30.87,,
2026-02-16 13:50:29,1,Cabinet 3,32,WRITE_COILS,SUCCESS,"[True, True, True, True, True, True, True, True]",24.64,,
2026-02-16 13:50:29,1,Cabinet 3,33,WRITE_COILS,SUCCESS,"[True, True, True, True, True, True, True, True]",29.21,,
2026-02-16 13:50:29,1,Cabinet 3,34,WRITE_COILS,SUCCESS,"[True, True, True, True, True, True, True, True]",24.02,,
2026-02-16 13:50:29,1,Cabinet 3,35,WRITE_COILS,SUCCESS,"[True, True, True, True, True, True, True, True]",25.56,,
2026-02-16 13:50:29,1,Cabinet 3,36,WRITE_COILS,SUCCESS,"[True, True, True, True, True, True, True, True]",25.48,,
2026-02-16 13:50:29,1,Cabinet 3,37,WRITE_COILS,SUCCESS,"[True, True, True, True, True, True, True, True]",46.70,,
2026-02-16 13:50:29,1,Cabinet 3,38,WRITE_COILS,SUCCESS,"[True, True, True, True, True, True, True, True]",25.66,,
2026-02-16 13:50:33,1,Cabinet 3,41,WRITE_COILS,SUCCESS,"[True, True, True, True, True, True, True, True]",3025.83,,
2026-02-16 13:50:33,1,Cabinet 3,42,WRITE_COILS,SUCCESS,"[True, True, True, True, True, True, True, True]",24.78,,
2026-02-16 13:50:33,1,Cabinet 3,43,WRITE_COILS,SUCCESS,"[True, True, True, True, True, True, True, True]",25.09,,
2026-02-16 13:50:33,1,Cabinet 3,44,WRITE_COILS,SUCCESS,"[True, True, True, True, True, True, True, True]",24.69,,
2026-02-16 13:50:33,1,Cabinet 3,45,WRITE_COILS,SUCCESS,"[True, True, True, True, True, True, True, True]",23.87,,
2026-02-16 13:50:33,1,Cabinet 3,46,WRITE_COILS,SUCCESS,"[True, True, True, True, True, True, True, True]",24.42,,
2026-02-16 13:50:33,1,Cabinet 3,47,WRITE_COILS,SUCCESS,"[True, True, True, True, True, True, True, True]",25.32,,
2026-02-16 13:50:33,1,Cabinet 3,48,WRITE_COILS,SUCCESS,"[True, True, True, True, True, True, True, True]",25.40,,
2026-02-16 13:50:36,1,Cabinet 3,51,WRITE_COILS,SUCCESS,"[True, True, True, True, True, True, True, True]",3028.97,,
2026-02-16 13:50:36,1,Cabinet 3,52,WRITE_COILS,SUCCESS,"[True, True, True, True, True, True, True, True]",25.60,,
2026-02-16 13:50:36,1,Cabinet 3,53,WRITE_COILS,SUCCESS,"[True, True, True, True, True, True, True, True]",24.13,,
2026-02-16 13:50:36,1,Cabinet 3,54,WRITE_COILS,SUCCESS,"[True, True, True, True, True, True, True, True]",25.34,,
2026-02-16 13:50:36,1,Cabinet 3,55,WRITE_COILS,SUCCESS,"[True, True, True, True, True, True, True, True]",24.74,,
2026-02-16 13:50:37,1,Cabinet 3,56,WRITE_COILS,SUCCESS,"[True, True, True, True, True, True, True, True]",23.79,,
2026-02-16 13:50:37,1,Cabinet 3,57,WRITE_COILS,SUCCESS,"[True, True, True, True, True, True, True, True]",24.69,,
2026-02-16 13:50:37,1,Cabinet 3,58,WRITE_COILS,SUCCESS,"[True, True, True, True, True, True, True, True]",25.68,,
2026-02-16 13:50:40,1,Cabinet 3,61,WRITE_COILS,SUCCESS,"[True, True, True, True, True, True, True, True]",3042.09,,
2026-02-16 13:50:40,1,Cabinet 3,62,WRITE_COILS,SUCCESS,"[True, True, True, True, True, True, True, True]",25.86,,
2026-02-16 13:50:40,1,Cabinet 3,63,WRITE_COILS,SUCCESS,"[True, True, True, True, True, True, True, True]",24.57,,
2026-02-16 13:50:40,1,Cabinet 3,64,WRITE_COILS,SUCCESS,"[True, True, True, True, True, True, True, True]",24.05,,
2026-02-16 13:50:40,1,Cabinet 3,65,WRITE_COILS,SUCCESS,"[True, True, True, True, True, True, True, True]",23.86,,
2026-02-16 13:50:40,1,Cabinet 3,66,WRITE_COILS,SUCCESS,"[True, True, True, True, True, True, True, True]",24.87,,
2026-02-16 13:50:40,1,Cabinet 3,67,WRITE_COILS,SUCCESS,"[True, True, True, True, True, True, True, True]",24.19,,
2026-02-16 13:50:40,1,Cabinet 3,68,WRITE_COILS,SUCCESS,"[True, True, True, True, True, True, True, True]",25.07,,
2026-02-16 13:50:43,1,Cabinet 3,71,WRITE_COILS,SUCCESS,"[True, True, True, True, True, True, True, True]",3030.24,,
2026-02-16 13:50:44,1,Cabinet 3,72,WRITE_COILS,SUCCESS,"[True, True, True, True, True, True, True, True]",25.26,,
2026-02-16 13:50:44,1,Cabinet 3,73,WRITE_COILS,SUCCESS,"[True, True, True, True, True, True, True, True]",25.03,,
2026-02-16 13:50:44,1,Cabinet 3,74,WRITE_COILS,SUCCESS,"[True, True, True, True, True, True, True, True]",24.69,,
2026-02-16 13:50:44,1,Cabinet 3,75,WRITE_COILS,SUCCESS,"[True, True, True, True, True, True, True, True]",25.26,,
2026-02-16 13:50:44,1,Cabinet 3,76,WRITE_COILS,SUCCESS,"[True, True, True, True, True, True, True, True]",26.18,,
2026-02-16 13:50:44,1,Cabinet 3,77,WRITE_COILS,SUCCESS,"[True, True, True, True, True, True, True, True]",24.95,,
2026-02-16 13:50:44,1,Cabinet 3,78,WRITE_COILS,SUCCESS,"[True, True, True, True, True, True, True, True]",25.23,,
2026-02-16 13:50:47,1,Cabinet 3,81,WRITE_COILS,SUCCESS,"[True, True, True, True, True, True, True, True]",3040.00,,
2026-02-16 13:50:47,1,Cabinet 3,82,WRITE_COILS,SUCCESS,"[True, True, True, True, True, True, True, True]",24.52,,
2026-02-16 13:50:47,1,Cabinet 3,83,WRITE_COILS,SUCCESS,"[True, True, True, True, True, True, True, True]",24.83,,
2026-02-16 13:50:47,1,Cabinet 3,84,WRITE_COILS,SUCCESS,"[True, True, True, True, True, True, True, True]",24.75,,
2026-02-16 13:50:47,1,Cabinet 3,85,WRITE_COILS,SUCCESS,"[True, True, True, True, True, True, True, True]",24.66,,
2026-02-16 13:50:47,1,Cabinet 3,86,WRITE_COILS,SUCCESS,"[True, True, True, True, True, True, True, True]",24.51,,
2026-02-16 13:50:48,1,Cabinet 3,87,WRITE_COILS,SUCCESS,"[True, True, True, True, True, True, True, True]",25.10,,
2026-02-16 13:50:48,1,Cabinet 3,88,WRITE_COILS,SUCCESS,"[True, True, True, True, True, True, True, True]",25.05,,
2026-02-16 13:50:51,1,Cabinet 3,91,WRITE_COILS,SUCCESS,"[True, True, True, True, True, True, True, True]",3038.07,,
2026-02-16 13:50:51,1,Cabinet 3,92,WRITE_COILS,SUCCESS,"[True, True, True, True, True, True, True, True]",23.84,,
2026-02-16 13:50:51,1,Cabinet 3,93,WRITE_COILS,SUCCESS,"[True, True, True, True, True, True, True, True]",24.69,,
2026-02-16 13:50:51,1,Cabinet 3,94,WRITE_COILS,SUCCESS,"[True, True, True, True, True, True, True, True]",24.93,,
2026-02-16 13:50:51,1,Cabinet 3,95,WRITE_COILS,SUCCESS,"[True, True, True, True, True, True, True, True]",24.94,,
2026-02-16 13:50:51,1,Cabinet 3,96,WRITE_COILS,SUCCESS,"[True, True, True, True, True, True, True, True]",25.38,,
2026-02-16 13:50:51,1,Cabinet 3,97,WRITE_COILS,SUCCESS,"[True, True, True, True, True, True, True, True]",24.25,,
2026-02-16 13:50:51,1,Cabinet 3,98,WRITE_COILS,SUCCESS,"[True, True, True, True, True, True, True, True]",24.71,,
2026-02-16 13:50:54,1,Cabinet 3,101,WRITE_COILS,SUCCESS,"[True, True, True, True, True, True, True, True]",3039.95,,
2026-02-16 13:50:54,1,Cabinet 3,102,WRITE_COILS,SUCCESS,"[True, True, True, True, True, True, True, True]",27.94,,
2026-02-16 13:50:54,1,Cabinet 3,103,WRITE_COILS,SUCCESS,"[True, True, True, True, True, True, True, True]",27.25,,
2026-02-16 13:50:55,1,Cabinet 3,104,WRITE_COILS,SUCCESS,"[True, True, True, True, True, True, True, True]",25.43,,
2026-02-16 13:50:55,1,Cabinet 3,105,WRITE_COILS,SUCCESS,"[True, True, True, True, True, True, True, True]",24.63,,
2026-02-16 13:50:55,1,Cabinet 3,106,WRITE_COILS,SUCCESS,"[True, True, True, True, True, True, True, True]",25.05,,
2026-02-16 13:50:55,1,Cabinet 3,107,WRITE_COILS,SUCCESS,"[True, True, True, True, True, True, True, True]",25.18,,
2026-02-16 13:50:55,1,Cabinet 3,108,WRITE_COILS,SUCCESS,"[True, True, True, True, True, True, True, True]",24.52,,
2026-02-16 13:50:57,1,Cabinet 3,11,WRITE_COILS,SUCCESS,"[False, False, False, False, False, False, False, False]",29.01,,
2026-02-16 13:50:57,1,Cabinet 3,12,WRITE_COILS,SUCCESS,"[False, False, False, False, False, False, False, False]",27.04,,
2026-02-16 13:50:57,1,Cabinet 3,13,WRITE_COILS,SUCCESS,"[False, False, False, False, False, False, False, False]",25.75,,
2026-02-16 13:50:57,1,Cabinet 3,14,WRITE_COILS,SUCCESS,"[False, False, False, False, False, False, False, False]",28.86,,
2026-02-16 13:50:57,1,Cabinet 3,15,WRITE_COILS,SUCCESS,"[False, False, False, False, False, False, False, False]",25.63,,
2026-02-16 13:50:57,1,Cabinet 3,16,WRITE_COILS,SUCCESS,"[False, False, False, False, False, False, False, False]",25.10,,
2026-02-16 13:50:57,1,Cabinet 3,17,WRITE_COILS,SUCCESS,"[False, False, False, False, False, False, False, False]",24.39,,
2026-02-16 13:50:58,1,Cabinet 3,18,WRITE_COILS,SUCCESS,"[False, False, False, False, False, False, False, False]",25.19,,
2026-02-16 13:51:01,1,Cabinet 3,21,WRITE_COILS,SUCCESS,"[False, False, False, False, False, False, False, False]",3027.13,,
2026-02-16 13:51:01,1,Cabinet 3,22,WRITE_COILS,SUCCESS,"[False, False, False, False, False, False, False, False]",25.70,,
2026-02-16 13:51:01,1,Cabinet 3,23,WRITE_COILS,SUCCESS,"[False, False, False, False, False, False, False, False]",26.07,,
2026-02-16 13:51:01,1,Cabinet 3,24,WRITE_COILS,SUCCESS,"[False, False, False, False, False, False, False, False]",25.20,,
2026-02-16 13:51:01,1,Cabinet 3,25,WRITE_COILS,SUCCESS,"[False, False, False, False, False, False, False, False]",26.47,,
2026-02-16 13:51:01,1,Cabinet 3,26,WRITE_COILS,SUCCESS,"[False, False, False, False, False, False, False, False]",25.84,,
2026-02-16 13:51:01,1,Cabinet 3,27,WRITE_COILS,SUCCESS,"[False, False, False, False, False, False, False, False]",24.00,,
2026-02-16 13:51:01,1,Cabinet 3,28,WRITE_COILS,SUCCESS,"[False, False, False, False, False, False, False, False]",24.56,,
2026-02-16 13:51:01,1,Cabinet 3,31,WRITE_COILS,SUCCESS,"[False, False, False, False, False, False, False, False]",70.42,,
2026-02-16 13:51:01,1,Cabinet 3,32,WRITE_COILS,SUCCESS,"[False, False, False, False, False, False, False, False]",25.19,,
2026-02-16 13:51:01,1,Cabinet 3,33,WRITE_COILS,SUCCESS,"[False, False, False, False, False, False, False, False]",24.51,,
2026-02-16 13:51:01,1,Cabinet 3,34,WRITE_COILS,SUCCESS,"[False, False, False, False, False, False, False, False]",25.98,,
2026-02-16 13:51:02,1,Cabinet 3,35,WRITE_COILS,SUCCESS,"[False, False, False, False, False, False, False, False]",43.95,,
2026-02-16 13:51:02,1,Cabinet 3,36,WRITE_COILS,SUCCESS,"[False, False, False, False, False, False, False, False]",24.86,,
2026-02-16 13:51:02,1,Cabinet 3,37,WRITE_COILS,SUCCESS,"[False, False, False, False, False, False, False, False]",25.85,,
2026-02-16 13:51:02,1,Cabinet 3,38,WRITE_COILS,SUCCESS,"[False, False, False, False, False, False, False, False]",24.31,,
2026-02-16 13:51:05,1,Cabinet 3,41,WRITE_COILS,SUCCESS,"[False, False, False, False, False, False, False, False]",3029.82,,
2026-02-16 13:51:05,1,Cabinet 3,42,WRITE_COILS,SUCCESS,"[False, False, False, False, False, False, False, False]",24.51,,
2026-02-16 13:51:05,1,Cabinet 3,43,WRITE_COILS,SUCCESS,"[False, False, False, False, False, False, False, False]",24.60,,
2026-02-16 13:51:05,1,Cabinet 3,44,WRITE_COILS,SUCCESS,"[False, False, False, False, False, False, False, False]",24.84,,
2026-02-16 13:51:05,1,Cabinet 3,45,WRITE_COILS,SUCCESS,"[False, False, False, False, False, False, False, False]",24.71,,
2026-02-16 13:51:05,1,Cabinet 3,46,WRITE_COILS,SUCCESS,"[False, False, False, False, False, False, False, False]",25.01,,
2026-02-16 13:51:05,1,Cabinet 3,47,WRITE_COILS,SUCCESS,"[False, False, False, False, False, False, False, False]",28.25,,
2026-02-16 13:51:05,1,Cabinet 3,48,WRITE_COILS,SUCCESS,"[False, False, False, False, False, False, False, False]",25.11,,
2026-02-16 13:51:09,1,Cabinet 3,51,WRITE_COILS,SUCCESS,"[False, False, False, False, False, False, False, False]",3029.19,,
2026-02-16 13:51:09,1,Cabinet 3,52,WRITE_COILS,SUCCESS,"[False, False, False, False, False, False, False, False]",24.75,,
2026-02-16 13:51:09,1,Cabinet 3,53,WRITE_COILS,SUCCESS,"[False, False, False, False, False, False, False, False]",24.42,,
2026-02-16 13:51:09,1,Cabinet 3,54,WRITE_COILS,SUCCESS,"[False, False, False, False, False, False, False, False]",24.78,,
2026-02-16 13:51:09,1,Cabinet 3,55,WRITE_COILS,SUCCESS,"[False, False, False, False, False, False, False, False]",24.70,,
2026-02-16 13:51:09,1,Cabinet 3,56,WRITE_COILS,SUCCESS,"[False, False, False, False, False, False, False, False]",24.28,,
2026-02-16 13:51:09,1,Cabinet 3,57,WRITE_COILS,SUCCESS,"[False, False, False, False, False, False, False, False]",25.00,,
2026-02-16 13:51:09,1,Cabinet 3,58,WRITE_COILS,SUCCESS,"[False, False, False, False, False, False, False, False]",24.59,,
2026-02-16 13:51:12,1,Cabinet 3,61,WRITE_COILS,SUCCESS,"[False, False, False, False, False, False, False, False]",3037.21,,
2026-02-16 13:51:12,1,Cabinet 3,62,WRITE_COILS,SUCCESS,"[False, False, False, False, False, False, False, False]",25.28,,
2026-02-16 13:51:12,1,Cabinet 3,63,WRITE_COILS,SUCCESS,"[False, False, False, False, False, False, False, False]",25.37,,
2026-02-16 13:51:12,1,Cabinet 3,64,WRITE_COILS,SUCCESS,"[False, False, False, False, False, False, False, False]",24.04,,
2026-02-16 13:51:12,1,Cabinet 3,65,WRITE_COILS,SUCCESS,"[False, False, False, False, False, False, False, False]",24.90,,
2026-02-16 13:51:13,1,Cabinet 3,66,WRITE_COILS,SUCCESS,"[False, False, False, False, False, False, False, False]",24.92,,
2026-02-16 13:51:13,1,Cabinet 3,67,WRITE_COILS,SUCCESS,"[False, False, False, False, False, False, False, False]",26.15,,
2026-02-16 13:51:13,1,Cabinet 3,68,WRITE_COILS,SUCCESS,"[False, False, False, False, False, False, False, False]",25.12,,
2026-02-16 13:51:16,1,Cabinet 3,71,WRITE_COILS,SUCCESS,"[False, False, False, False, False, False, False, False]",3028.94,,
2026-02-16 13:51:16,1,Cabinet 3,72,WRITE_COILS,SUCCESS,"[False, False, False, False, False, False, False, False]",28.51,,
2026-02-16 13:51:16,1,Cabinet 3,73,WRITE_COILS,SUCCESS,"[False, False, False, False, False, False, False, False]",24.97,,
2026-02-16 13:51:16,1,Cabinet 3,74,WRITE_COILS,SUCCESS,"[False, False, False, False, False, False, False, False]",24.52,,
2026-02-16 13:51:16,1,Cabinet 3,75,WRITE_COILS,SUCCESS,"[False, False, False, False, False, False, False, False]",24.19,,
2026-02-16 13:51:16,1,Cabinet 3,76,WRITE_COILS,SUCCESS,"[False, False, False, False, False, False, False, False]",24.67,,
2026-02-16 13:51:16,1,Cabinet 3,77,WRITE_COILS,SUCCESS,"[False, False, False, False, False, False, False, False]",24.73,,
2026-02-16 13:51:16,1,Cabinet 3,78,WRITE_COILS,SUCCESS,"[False, False, False, False, False, False, False, False]",24.67,,
2026-02-16 13:51:19,1,Cabinet 3,81,WRITE_COILS,SUCCESS,"[False, False, False, False, False, False, False, False]",3036.18,,
2026-02-16 13:51:19,1,Cabinet 3,82,WRITE_COILS,SUCCESS,"[False, False, False, False, False, False, False, False]",25.45,,
2026-02-16 13:51:20,1,Cabinet 3,83,WRITE_COILS,SUCCESS,"[False, False, False, False, False, False, False, False]",25.28,,
2026-02-16 13:51:20,1,Cabinet 3,84,WRITE_COILS,SUCCESS,"[False, False, False, False, False, False, False, False]",25.27,,
2026-02-16 13:51:20,1,Cabinet 3,85,WRITE_COILS,SUCCESS,"[False, False, False, False, False, False, False, False]",24.91,,
2026-02-16 13:51:20,1,Cabinet 3,86,WRITE_COILS,SUCCESS,"[False, False, False, False, False, False, False, False]",24.55,,
2026-02-16 13:51:20,1,Cabinet 3,87,WRITE_COILS,SUCCESS,"[False, False, False, False, False, False, False, False]",24.57,,
2026-02-16 13:51:20,1,Cabinet 3,88,WRITE_COILS,SUCCESS,"[False, False, False, False, False, False, False, False]",24.25,,
2026-02-16 13:51:23,1,Cabinet 3,91,WRITE_COILS,SUCCESS,"[False, False, False, False, False, False, False, False]",3041.92,,
2026-02-16 13:51:23,1,Cabinet 3,92,WRITE_COILS,SUCCESS,"[False, False, False, False, False, False, False, False]",23.83,,
2026-02-16 13:51:23,1,Cabinet 3,93,WRITE_COILS,SUCCESS,"[False, False, False, False, False, False, False, False]",24.24,,
2026-02-16 13:51:23,1,Cabinet 3,94,WRITE_COILS,SUCCESS,"[False, False, False, False, False, False, False, False]",23.57,,
2026-02-16 13:51:23,1,Cabinet 3,95,WRITE_COILS,SUCCESS,"[False, False, False, False, False, False, False, False]",53.13,,
2026-02-16 13:51:23,1,Cabinet 3,96,WRITE_COILS,SUCCESS,"[False, False, False, False, False, False, False, False]",24.56,,
2026-02-16 13:51:24,1,Cabinet 3,97,WRITE_COILS,SUCCESS,"[False, False, False, False, False, False, False, False]",24.74,,
2026-02-16 13:51:24,1,Cabinet 3,98,WRITE_COILS,SUCCESS,"[False, False, False, False, False, False, False, False]",34.52,,
2026-02-16 13:51:27,1,Cabinet 3,101,WRITE_COILS,SUCCESS,"[False, False, False, False, False, False, False, False]",3030.65,,
2026-02-16 13:51:27,1,Cabinet 3,102,WRITE_COILS,SUCCESS,"[False, False, False, False, False, False, False, False]",24.94,,
2026-02-16 13:51:27,1,Cabinet 3,103,WRITE_COILS,SUCCESS,"[False, False, False, False, False, False, False, False]",25.05,,
2026-02-16 13:51:27,1,Cabinet 3,104,WRITE_COILS,SUCCESS,"[False, False, False, False, False, False, False, False]",25.17,,
2026-02-16 13:51:27,1,Cabinet 3,105,WRITE_COILS,SUCCESS,"[False, False, False, False, False, False, False, False]",25.42,,
2026-02-16 13:51:27,1,Cabinet 3,106,WRITE_COILS,SUCCESS,"[False, False, False, False, False, False, False, False]",24.68,,
2026-02-16 13:51:27,1,Cabinet 3,107,WRITE_COILS,SUCCESS,"[False, False, False, False, False, False, False, False]",24.87,,
2026-02-16 13:51:27,1,Cabinet 3,108,WRITE_COILS,SUCCESS,"[False, False, False, False, False, False, False, False]",24.42,,
2026-02-16 13:51:27,1,Cabinet 3,,CONNECTION,CLOSED,,,,
2026-02-16 13:51:28,1,Cabinet 4,,CONNECTION_START,ATTEMPTING,,,,IP: 192.168.0.210:502
2026-02-16 13:51:28,1,Cabinet 4,,CONNECTION,SUCCESS,,,,Attempt 1/2
2026-02-16 13:51:30,1,Cabinet 4,11,WRITE_COILS,SUCCESS,"[True, True, True, True, True, True, True, True]",24.69,,
2026-02-16 13:51:30,1,Cabinet 4,12,WRITE_COILS,SUCCESS,"[True, True, True, True, True, True, True, True]",25.25,,
2026-02-16 13:51:30,1,Cabinet 4,13,WRITE_COILS,SUCCESS,"[True, True, True, True, True, True, True, True]",24.83,,
2026-02-16 13:51:30,1,Cabinet 4,14,WRITE_COILS,SUCCESS,"[True, True, True, True, True, True, True, True]",25.41,,
2026-02-16 13:51:30,1,Cabinet 4,15,WRITE_COILS,SUCCESS,"[True, True, True, True, True, True, True, True]",24.34,,
2026-02-16 13:51:30,1,Cabinet 4,16,WRITE_COILS,SUCCESS,"[True, True, True, True, True, True, True, True]",24.82,,
2026-02-16 13:51:30,1,Cabinet 4,17,WRITE_COILS,SUCCESS,"[True, True, True, True, True, True, True, True]",23.75,,
2026-02-16 13:51:30,1,Cabinet 4,18,WRITE_COILS,SUCCESS,"[True, True, True, True, True, True, True, True]",25.47,,
2026-02-16 13:51:34,1,Cabinet 4,21,WRITE_COILS,SUCCESS,"[True, True, True, True, True, True, True, True]",3038.07,,
2026-02-16 13:51:34,1,Cabinet 4,22,WRITE_COILS,SUCCESS,"[True, True, True, True, True, True, True, True]",28.13,,
2026-02-16 13:51:34,1,Cabinet 4,23,WRITE_COILS,SUCCESS,"[True, True, True, True, True, True, True, True]",56.98,,
2026-02-16 13:51:34,1,Cabinet 4,24,WRITE_COILS,SUCCESS,"[True, True, True, True, True, True, True, True]",24.34,,
2026-02-16 13:51:34,1,Cabinet 4,25,WRITE_COILS,SUCCESS,"[True, True, True, True, True, True, True, True]",28.10,,
2026-02-16 13:51:34,1,Cabinet 4,26,WRITE_COILS,SUCCESS,"[True, True, True, True, True, True, True, True]",24.37,,
2026-02-16 13:51:34,1,Cabinet 4,27,WRITE_COILS,SUCCESS,"[True, True, True, True, True, True, True, True]",29.50,,
2026-02-16 13:51:34,1,Cabinet 4,28,WRITE_COILS,SUCCESS,"[True, True, True, True, True, True, True, True]",25.04,,
2026-02-16 13:51:34,1,Cabinet 4,31,WRITE_COILS,SUCCESS,"[True, True, True, True, True, True, True, True]",24.06,,
2026-02-16 13:51:34,1,Cabinet 4,32,WRITE_COILS,SUCCESS,"[True, True, True, True, True, True, True, True]",23.84,,
2026-02-16 13:51:34,1,Cabinet 4,33,WRITE_COILS,SUCCESS,"[True, True, True, True, True, True, True, True]",46.03,,
2026-02-16 13:51:34,1,Cabinet 4,34,WRITE_COILS,SUCCESS,"[True, True, True, True, True, True, True, True]",25.24,,
2026-02-16 13:51:35,1,Cabinet 4,35,WRITE_COILS,SUCCESS,"[True, True, True, True, True, True, True, True]",24.84,,
2026-02-16 13:51:35,1,Cabinet 4,36,WRITE_COILS,SUCCESS,"[True, True, True, True, True, True, True, True]",24.12,,
2026-02-16 13:51:35,1,Cabinet 4,37,WRITE_COILS,SUCCESS,"[True, True, True, True, True, True, True, True]",28.18,,
2026-02-16 13:51:35,1,Cabinet 4,38,WRITE_COILS,SUCCESS,"[True, True, True, True, True, True, True, True]",32.97,,
2026-02-16 13:51:38,1,Cabinet 4,41,WRITE_COILS,SUCCESS,"[True, True, True, True, True, True, True, True]",3040.61,,
2026-02-16 13:51:38,1,Cabinet 4,42,WRITE_COILS,SUCCESS,"[True, True, True, True, True, True, True, True]",24.27,,
2026-02-16 13:51:38,1,Cabinet 4,43,WRITE_COILS,SUCCESS,"[True, True, True, True, True, True, True, True]",24.22,,
2026-02-16 13:51:38,1,Cabinet 4,44,WRITE_COILS,SUCCESS,"[True, True, True, True, True, True, True, True]",24.37,,
2026-02-16 13:51:38,1,Cabinet 4,45,WRITE_COILS,SUCCESS,"[True, True, True, True, True, True, True, True]",24.90,,
2026-02-16 13:51:38,1,Cabinet 4,46,WRITE_COILS,SUCCESS,"[True, True, True, True, True, True, True, True]",23.98,,
2026-02-16 13:51:38,1,Cabinet 4,47,WRITE_COILS,SUCCESS,"[True, True, True, True, True, True, True, True]",25.38,,
2026-02-16 13:51:38,1,Cabinet 4,48,WRITE_COILS,SUCCESS,"[True, True, True, True, True, True, True, True]",23.83,,
2026-02-16 13:51:41,1,Cabinet 4,51,WRITE_COILS,SUCCESS,"[True, True, True, True, True, True, True, True]",3025.75,,
2026-02-16 13:51:42,1,Cabinet 4,52,WRITE_COILS,SUCCESS,"[True, True, True, True, True, True, True, True]",23.59,,
2026-02-16 13:51:42,1,Cabinet 4,53,WRITE_COILS,SUCCESS,"[True, True, True, True, True, True, True, True]",24.32,,
2026-02-16 13:51:42,1,Cabinet 4,54,WRITE_COILS,SUCCESS,"[True, True, True, True, True, True, True, True]",25.24,,
2026-02-16 13:51:42,1,Cabinet 4,55,WRITE_COILS,SUCCESS,"[True, True, True, True, True, True, True, True]",24.44,,
2026-02-16 13:51:42,1,Cabinet 4,56,WRITE_COILS,SUCCESS,"[True, True, True, True, True, True, True, True]",28.39,,
2026-02-16 13:51:42,1,Cabinet 4,57,WRITE_COILS,SUCCESS,"[True, True, True, True, True, True, True, True]",25.55,,
2026-02-16 13:51:42,1,Cabinet 4,58,WRITE_COILS,SUCCESS,"[True, True, True, True, True, True, True, True]",25.10,,
2026-02-16 13:51:45,1,Cabinet 4,61,WRITE_COILS,SUCCESS,"[True, True, True, True, True, True, True, True]",3033.66,,
2026-02-16 13:51:45,1,Cabinet 4,62,WRITE_COILS,SUCCESS,"[True, True, True, True, True, True, True, True]",24.98,,
2026-02-16 13:51:45,1,Cabinet 4,63,WRITE_COILS,SUCCESS,"[True, True, True, True, True, True, True, True]",24.76,,
2026-02-16 13:51:45,1,Cabinet 4,64,WRITE_COILS,SUCCESS,"[True, True, True, True, True, True, True, True]",25.05,,
2026-02-16 13:51:45,1,Cabinet 4,65,WRITE_COILS,SUCCESS,"[True, True, True, True, True, True, True, True]",24.46,,
2026-02-16 13:51:45,1,Cabinet 4,66,WRITE_COILS,SUCCESS,"[True, True, True, True, True, True, True, True]",24.10,,
2026-02-16 13:51:46,1,Cabinet 4,67,WRITE_COILS,SUCCESS,"[True, True, True, True, True, True, True, True]",23.90,,
2026-02-16 13:51:46,1,Cabinet 4,68,WRITE_COILS,SUCCESS,"[True, True, True, True, True, True, True, True]",23.64,,
2026-02-16 13:51:49,1,Cabinet 4,71,WRITE_COILS,SUCCESS,"[True, True, True, True, True, True, True, True]",3025.96,,
2026-02-16 13:51:49,1,Cabinet 4,72,WRITE_COILS,SUCCESS,"[True, True, True, True, True, True, True, True]",23.93,,
2026-02-16 13:51:49,1,Cabinet 4,73,WRITE_COILS,SUCCESS,"[True, True, True, True, True, True, True, True]",23.37,,
2026-02-16 13:51:49,1,Cabinet 4,74,WRITE_COILS,SUCCESS,"[True, True, True, True, True, True, True, True]",23.99,,
2026-02-16 13:51:49,1,Cabinet 4,75,WRITE_COILS,SUCCESS,"[True, True, True, True, True, True, True, True]",24.31,,
2026-02-16 13:51:49,1,Cabinet 4,76,WRITE_COILS,SUCCESS,"[True, True, True, True, True, True, True, True]",24.99,,
2026-02-16 13:51:49,1,Cabinet 4,77,WRITE_COILS,SUCCESS,"[True, True, True, True, True, True, True, True]",24.87,,
2026-02-16 13:51:49,1,Cabinet 4,78,WRITE_COILS,SUCCESS,"[True, True, True, True, True, True, True, True]",24.25,,
2026-02-16 13:51:52,1,Cabinet 4,81,WRITE_COILS,SUCCESS,"[True, True, True, True, True, True, True, True]",3038.52,,
2026-02-16 13:51:52,1,Cabinet 4,82,WRITE_COILS,SUCCESS,"[True, True, True, True, True, True, True, True]",23.97,,
2026-02-16 13:51:52,1,Cabinet 4,83,WRITE_COILS,SUCCESS,"[True, True, True, True, True, True, True, True]",23.77,,
2026-02-16 13:51:53,1,Cabinet 4,,CONNECTION,CLOSED,,,,
2026-02-16 13:51:53,1,SYSTEM,,PROGRAM_END,INFO,Cycles:1,,,"Runtime: 0:03:52.979273, Success: 0, Failed: 0"
2026-02-16 13:51:53,1,SYSTEM,,PROGRAM_TERMINATED,INFO,,,,
